-- Seed match day games (June 21, 2026 — New York EDT watch-party kickoffs as UTC)
INSERT INTO games (id, home_team, away_team, home_flag, away_flag, kickoff_at, attendance_qr_secret, sort_order) VALUES
  ('esp-sau', 'Spain', 'Saudi Arabia', '🇪🇸', '🇸🇦', '2026-06-21 16:00:00+00', 'att-esp-sau-secret', 1),
  ('bel-irn', 'Belgium', 'Iran', '🇧🇪', '🇮🇷', '2026-06-21 19:00:00+00', 'att-bel-irn-secret', 2),
  ('uru-cpv', 'Uruguay', 'Cabo Verde', '🇺🇾', '🇨🇻', '2026-06-21 22:00:00+00', 'att-uru-cpv-secret', 3),
  ('nzl-egy', 'New Zealand', 'Egypt', '🇳🇿', '🇪🇬', '2026-06-22 01:00:00+00', 'att-nzl-egy-secret', 4);

-- Bingo event bank: 72 events
-- With 12 guests × 24 squares = 288 picks from 72 events (~4 picks/event avg)
-- Creates overlap for shared moments while keeping boards reasonably unique
INSERT INTO bingo_events (description, category) VALUES
  ('VAR check overturns a goal', 'referee'),
  ('Player celebrates with a backflip', 'celebration'),
  ('Goal scored from outside the box', 'goals'),
  ('Goalkeeper makes a diving save', 'saves'),
  ('Yellow card for dissent', 'cards'),
  ('Commentator mentions "underdog"', 'commentary'),
  ('Substitution before 60th minute', 'subs'),
  ('Corner kick leads to a chance', 'set_pieces'),
  ('Offside flag raised incorrectly', 'referee'),
  ('Player argues with the referee', 'referee'),
  ('Header goal scored', 'goals'),
  ('Penalty awarded', 'penalties'),
  ('Free kick hits the wall', 'set_pieces'),
  ('Player booked for simulation', 'cards'),
  ('Injury stoppage over 3 minutes', 'injury'),
  ('Goal disallowed for offside', 'goals'),
  ('Manager shown on screen looking stressed', 'manager'),
  ('Crowd wave visible in stands', 'atmosphere'),
  ('Player removes shirt after scoring', 'celebration'),
  ('Own goal scored', 'goals'),
  ('Goal scored in stoppage time', 'goals'),
  ('Two goals in 5 minutes', 'goals'),
  ('Clean sheet maintained at halftime', 'defense'),
  ('Deflection changes direction of shot', 'goals'),
  ('Player limps off the pitch', 'injury'),
  ('Water break called', 'match'),
  ('Long throw-in causes chaos', 'set_pieces'),
  ('Crossbar hit', 'goals'),
  ('Post hit', 'goals'),
  ('Goal scored with weaker foot', 'goals'),
  ('Assist from a fullback', 'assists'),
  ('Through ball leads to goal', 'assists'),
  ('Counter-attack goal', 'goals'),
  ('Set piece goal from a corner', 'set_pieces'),
  ('Set piece goal from a free kick', 'set_pieces'),
  ('Red card shown', 'cards'),
  ('Second yellow card', 'cards'),
  ('Player subbed off after booking', 'subs'),
  ('Goalkeeper comes off his line', 'saves'),
  ('Save with fingertips', 'saves'),
  ('Near-post finish', 'goals'),
  ('Far-post finish', 'goals'),
  ('Bicycle kick attempt', 'skills'),
  ('Rabona attempted', 'skills'),
  ('Nutmeg on a defender', 'skills'),
  ('Slide tackle wins the ball', 'defense'),
  ('Last-ditch block on the line', 'defense'),
  ('Player scores and points to sky', 'celebration'),
  ('Team huddle before kickoff', 'atmosphere'),
  ('National anthem sung passionately', 'atmosphere'),
  ('Drone camera shot of stadium', 'broadcast'),
  ('Replay shown 3+ times', 'broadcast'),
  ('Commentator mispronounces a name', 'commentary'),
  ('Commentator says "World Cup magic"', 'commentary'),
  ('Fan shown crying', 'atmosphere'),
  ('Fan shown with face paint', 'atmosphere'),
  ('Missed open goal', 'goals'),
  ('Shot cleared off the line', 'defense'),
  ('Goalkeeper punches cross clear', 'saves'),
  ('Handball appeal', 'referee'),
  ('Offside trap executed perfectly', 'defense'),
  ('Player booked for time wasting', 'cards'),
  ('Throw-in taken quickly', 'match'),
  ('Quick free kick taken', 'set_pieces'),
  ('Player changes boots', 'injury'),
  ('Ice pack applied on sideline', 'injury'),
  ('Captain armband visible on goal replay', 'atmosphere'),
  ('Shirt swap at full time', 'celebration'),
  ('Underdog takes the lead', 'goals'),
  ('Favorite team equalizes', 'goals'),
  ('Comeback win (trailing team wins)', 'goals'),
  ('Nil-nil at halftime', 'match'),
  ('Both teams score in same half', 'goals'),
  ('Hat-trick scored', 'goals');

-- WC 2026 active squads: Spain + Saudi Arabia (MD1 starters + unused squad members)
INSERT INTO players (id, name, country, position, game_id, previous_opponent, previous_points) VALUES
  ('esp-simon', 'Simón', 'Spain', 'GK', 'esp-sau', 'Cabo Verde', 8),
  ('esp-llorente', 'Llorente', 'Spain', 'DEF', 'esp-sau', 'Cabo Verde', 8),
  ('esp-cubarsi', 'Cubarsí', 'Spain', 'DEF', 'esp-sau', 'Cabo Verde', 8),
  ('esp-laporte', 'Laporte', 'Spain', 'DEF', 'esp-sau', 'Cabo Verde', 8),
  ('esp-cucurella', 'Cucurella', 'Spain', 'DEF', 'esp-sau', 'Cabo Verde', 8),
  ('esp-rodri', 'Rodri', 'Spain', 'MID', 'esp-sau', 'Cabo Verde', 0),
  ('esp-pedri', 'Pedri', 'Spain', 'MID', 'esp-sau', 'Cabo Verde', 0),
  ('esp-fabian', 'Fabián Ruiz', 'Spain', 'MID', 'esp-sau', 'Cabo Verde', 0),
  ('esp-yamal', 'Yamal', 'Spain', 'FWD', 'esp-sau', 'Cabo Verde', 0),
  ('esp-nwilliams', 'N. Williams', 'Spain', 'FWD', 'esp-sau', 'Cabo Verde', 0),
  ('esp-oyarzabal', 'Oyarzabal', 'Spain', 'FWD', 'esp-sau', 'Cabo Verde', 0),
  ('esp-gavi', 'Gavi', 'Spain', 'MID', 'esp-sau', 'Cabo Verde', 0),
  ('esp-ferran', 'Ferran Torres', 'Spain', 'FWD', 'esp-sau', 'Cabo Verde', 0),
  ('esp-olmo', 'Dani Olmo', 'Spain', 'FWD', 'esp-sau', 'Cabo Verde', 0),
  ('esp-merino', 'Merino', 'Spain', 'MID', 'esp-sau', 'Cabo Verde', 0),
  ('sau-owais', 'Al-Owais', 'Saudi Arabia', 'GK', 'esp-sau', 'Uruguay', 0),
  ('sau-abdulhamid', 'Abdulhamid', 'Saudi Arabia', 'DEF', 'esp-sau', 'Uruguay', 0),
  ('sau-tambakti', 'Al-Tambakti', 'Saudi Arabia', 'DEF', 'esp-sau', 'Uruguay', 0),
  ('sau-amri', 'Al-Amri', 'Saudi Arabia', 'DEF', 'esp-sau', 'Uruguay', 10),
  ('sau-harbi', 'Al-Harbi', 'Saudi Arabia', 'DEF', 'esp-sau', 'Uruguay', 0),
  ('sau-shamat', 'Abu Al-Shamat', 'Saudi Arabia', 'MID', 'esp-sau', 'Uruguay', 0),
  ('sau-kanno', 'Kanno', 'Saudi Arabia', 'MID', 'esp-sau', 'Uruguay', 0),
  ('sau-khaibari', 'Al-Khaibari', 'Saudi Arabia', 'MID', 'esp-sau', 'Uruguay', 0),
  ('sau-salem', 'Al-Dawsari', 'Saudi Arabia', 'MID', 'esp-sau', 'Uruguay', 0),
  ('sau-buraikan', 'Al-Buraikan', 'Saudi Arabia', 'FWD', 'esp-sau', 'Uruguay', 0),
  ('sau-juwayr', 'Al-Juwayr', 'Saudi Arabia', 'FWD', 'esp-sau', 'Uruguay', 0),
  ('sau-shehri', 'Al-Shehri', 'Saudi Arabia', 'FWD', 'esp-sau', 'Uruguay', 0);

-- Trivia questions (5 per game per half = 40 total)
INSERT INTO trivia_questions (game_id, half_number, question, options, correct_index, sort_order) VALUES
  ('esp-sau', 1, 'Which year did Spain win their first World Cup?', '["2006", "2010", "2014", "2018"]', 1, 1),
  ('esp-sau', 1, 'Saudi Arabia beat which giant in the 2022 World Cup opener?', '["Argentina", "Brazil", "Germany", "France"]', 0, 2),
  ('esp-sau', 1, 'How many World Cups has Spain won?', '["0", "1", "2", "3"]', 1, 3),
  ('esp-sau', 1, 'Which Spanish city hosted the 1982 World Cup final?', '["Barcelona", "Madrid", "Seville", "Bilbao"]', 1, 4),
  ('esp-sau', 1, 'What is Saudi Arabia''s best World Cup finish?', '["Round of 16", "Quarter-finals", "Group stage", "Semi-finals"]', 0, 5),
  ('esp-sau', 2, 'Who managed Spain during their 2010 World Cup win?', '["Vicente del Bosque", "Luis Enrique", "Julen Lopetegui", "Fernando Hierro"]', 0, 1),
  ('esp-sau', 2, 'In which US city will Spain play Saudi Arabia?', '["Los Angeles", "New York", "Miami", "Dallas"]', 0, 2),
  ('esp-sau', 2, 'Which Saudi player scored the famous goal vs Argentina?', '["Al-Dawsari", "Al-Shehri", "Al-Faraj", "Al-Breik"]', 1, 3),
  ('esp-sau', 2, 'Spain''s all-time top World Cup scorer is?', '["David Villa", "Fernando Torres", "Raúl", "Morata"]', 0, 4),
  ('esp-sau', 2, 'How many teams are in the 2026 World Cup?', '["32", "40", "48", "64"]', 2, 5),
  ('bel-irn', 1, 'Belgium finished 3rd in which World Cup?', '["2014", "2018", "2022", "2006"]', 1, 1),
  ('bel-irn', 1, 'Iran has qualified for how many World Cups?', '["4", "6", "8", "10"]', 1, 2),
  ('bel-irn', 1, 'Which Belgian is their all-time top scorer?', '["Lukaku", "Hazard", "De Bruyne", "Batshuayi"]', 0, 3),
  ('bel-irn', 1, 'What is Iran''s nickname?', '["Team Melli", "Persian Stars", "Golden Lions", "Desert Eagles"]', 0, 4),
  ('bel-irn', 1, 'Belgium''s "Golden Generation" peaked around which year?', '["2010", "2014", "2018", "2022"]', 2, 5),
  ('bel-irn', 2, 'Who is Belgium''s most capped player?', '["Eden Hazard", "Jan Vertonghen", "Kevin De Bruyne", "Thibaut Courtois"]', 1, 2),
  ('bel-irn', 2, 'Iran''s best World Cup result was reaching which round?', '["Group stage", "Round of 16", "Quarter-finals", "Semi-finals"]', 0, 3),
  ('bel-irn', 2, 'Which Belgian city is famous for football?', '["Brussels", "Antwerp", "Bruges", "Ghent"]', 0, 4),
  ('bel-irn', 2, 'The 2026 World Cup uses what format for the group stage?', '["8 groups of 4", "12 groups of 4", "16 groups of 3", "6 groups of 8"]', 1, 5),
  ('bel-irn', 2, 'Iran qualified for 2026 via which confederation?', '["AFC", "CAF", "UEFA", "CONMEBOL"]', 0, 1),
  ('uru-cpv', 1, 'Uruguay won the first World Cup in what year?', '["1928", "1930", "1934", "1950"]', 1, 1),
  ('uru-cpv', 1, 'How many World Cups has Uruguay won?', '["1", "2", "3", "4"]', 1, 2),
  ('uru-cpv', 1, 'Cabo Verde is making their World Cup debut in?', '["2022", "2026", "2030", "Never"]', 1, 3),
  ('uru-cpv', 1, 'Uruguay''s famous stadium is called?', '["La Bombonera", "Centenario", "Maracanã", "Azteca"]', 1, 4),
  ('uru-cpv', 1, 'Which ocean surrounds Cabo Verde?', '["Pacific", "Atlantic", "Indian", "Arctic"]', 1, 5),
  ('uru-cpv', 2, 'Who is Uruguay''s all-time top scorer?', '["Suárez", "Cavani", "Forlán", "Núñez"]', 0, 1),
  ('uru-cpv', 2, 'Cabo Verde is located off the coast of?', '["West Africa", "East Africa", "South America", "Europe"]', 0, 2),
  ('uru-cpv', 2, 'Uruguay''s 1950 World Cup final was played in?', '["Montevideo", "Rio de Janeiro", "Buenos Aires", "Santiago"]', 1, 3),
  ('uru-cpv', 2, 'What color is Cabo Verde''s primary kit?', '["Red", "Blue", "Green/Yellow", "White"]', 1, 4),
  ('uru-cpv', 2, 'Uruguay knocked out which team in 2010 semis?', '["Brazil", "Netherlands", "Germany", "Ghana"]', 1, 5),
  ('nzl-egy', 1, 'New Zealand''s nickname in football is?', '["All Whites", "Kiwis", "Silver Ferns", "Black Caps"]', 0, 1),
  ('nzl-egy', 1, 'Egypt has qualified for the World Cup how many times?', '["1", "2", "3", "4"]', 2, 3),
  ('nzl-egy', 1, 'Which Egyptian legend never played in a World Cup?', '["Salah", "Aboutrika", "Mido", "El-Hadary"]', 1, 2),
  ('nzl-egy', 1, 'New Zealand''s best World Cup result was?', '["Group stage", "Round of 16", "Quarter-finals", "Semi-finals"]', 0, 4),
  ('nzl-egy', 1, 'Egypt''s first World Cup was in?', '["1986", "1990", "2006", "2018"]', 1, 5),
  ('nzl-egy', 2, 'Who is Egypt''s all-time top scorer?', '["Salah", "Hassan", "Aboutrika", "Mido"]', 0, 1),
  ('nzl-egy', 2, 'New Zealand co-hosted which Women''s World Cup?', '["2019", "2023", "2015", "2011"]', 1, 2),
  ('nzl-egy', 2, 'Egypt''s 2018 World Cup appearance ended in the?', '["Group stage", "Round of 16", "Did not qualify", "Final"]', 0, 3),
  ('nzl-egy', 2, 'Which confederation is New Zealand in?', '["OFC", "AFC", "CONCACAF", "UEFA"]', 0, 4),
  ('nzl-egy', 2, 'The 2026 World Cup spans how many countries?', '["1", "2", "3", "4"]', 2, 5);
